<?xml version="1.0" encoding="ISO-8859-1"?>
<root>
	<item id="spacecss"><![CDATA[]]></item>
	<item id="layoutdata">
		<item id="diy1">
			<item id="frame`framediz88P">
				<item id="attr">
					<item id="name"><![CDATA[framediz88P]]></item>
					<item id="moveable"><![CDATA[true]]></item>
					<item id="className"><![CDATA[sydiy1 frame move-span cl frame-1-1]]></item>
					<item id="titles"><![CDATA[]]></item>
				</item>
				<item id="column`framediz88P_left">
					<item id="attr">
						<item id="name"><![CDATA[framediz88P_left]]></item>
						<item id="className"><![CDATA[column frame-1-1-l]]></item>
					</item>
					<item id="block`portal_block_282">
						<item id="attr">
							<item id="name"><![CDATA[portal_block_282]]></item>
							<item id="className"><![CDATA[syhdp block move-span]]></item>
							<item id="titles"><![CDATA[]]></item>
						</item>
					</item>
				</item>
				<item id="column`framediz88P_center">
					<item id="attr">
						<item id="name"><![CDATA[framediz88P_center]]></item>
						<item id="className"><![CDATA[column frame-1-1-r]]></item>
					</item>
					<item id="block`portal_block_283">
						<item id="attr">
							<item id="name"><![CDATA[portal_block_283]]></item>
							<item id="className"><![CDATA[sysqrd block move-span]]></item>
							<item id="titles">
								<item id="0">
									<item id="text"><![CDATA[更多]]></item>
									<item id="href"><![CDATA[http://182.92.223.135/175/#]]></item>
									<item id="color"><![CDATA[ !important]]></item>
									<item id="float"><![CDATA[right]]></item>
									<item id="margin"><![CDATA[]]></item>
									<item id="font-size"><![CDATA[]]></item>
									<item id="className"><![CDATA[subtitle]]></item>
									<item id="src"><![CDATA[]]></item>
								</item>
								<item id="className">
									<item id="0"><![CDATA[blocktitle title]]></item>
								</item>
								<item id="style"><![CDATA[]]></item>
								<item id="first">
									<item id="text"><![CDATA[社区热点]]></item>
									<item id="href"><![CDATA[]]></item>
									<item id="color"><![CDATA[]]></item>
									<item id="float"><![CDATA[]]></item>
									<item id="margin"><![CDATA[]]></item>
									<item id="font-size"><![CDATA[]]></item>
									<item id="className"><![CDATA[titletext]]></item>
									<item id="src"><![CDATA[]]></item>
								</item>
							</item>
						</item>
					</item>
					<item id="block`portal_block_284">
						<item id="attr">
							<item id="name"><![CDATA[portal_block_284]]></item>
							<item id="className"><![CDATA[syrmbq block move-span]]></item>
							<item id="titles">
								<item id="className">
									<item id="0"><![CDATA[blocktitle title]]></item>
								</item>
								<item id="style"><![CDATA[]]></item>
								<item id="first">
									<item id="text"><![CDATA[热门标签]]></item>
									<item id="href"><![CDATA[]]></item>
									<item id="color"><![CDATA[]]></item>
									<item id="float"><![CDATA[]]></item>
									<item id="margin"><![CDATA[]]></item>
									<item id="font-size"><![CDATA[]]></item>
									<item id="className"><![CDATA[titletext]]></item>
									<item id="src"><![CDATA[]]></item>
								</item>
							</item>
						</item>
					</item>
				</item>
			</item>
		</item>
		<item id="diyt"><![CDATA[]]></item>
		<item id="diy_chart"><![CDATA[]]></item>
		<item id="diy3"><![CDATA[]]></item>
	</item>
	<item id="blockdata">
		<item id="block">
			<item id="282">
				<item id="bid"><![CDATA[282]]></item>
				<item id="blockclass"><![CDATA[forum_thread]]></item>
				<item id="blocktype"><![CDATA[0]]></item>
				<item id="name"><![CDATA[首页幻灯片]]></item>
				<item id="title"><![CDATA[]]></item>
				<item id="classname"><![CDATA[syhdp]]></item>
				<item id="summary"><![CDATA[]]></item>
				<item id="uid"><![CDATA[1]]></item>
				<item id="username"><![CDATA[admin]]></item>
				<item id="styleid"><![CDATA[0]]></item>
				<item id="blockstyle">
					<item id="name"><![CDATA[]]></item>
					<item id="blockclass"><![CDATA[forum_thread]]></item>
					<item id="makethumb"><![CDATA[1]]></item>
					<item id="getpic"><![CDATA[1]]></item>
					<item id="getsummary"><![CDATA[0]]></item>
					<item id="settarget"><![CDATA[1]]></item>
					<item id="moreurl"><![CDATA[0]]></item>
					<item id="fields">
						<item id="0"><![CDATA[url]]></item>
						<item id="1"><![CDATA[pic]]></item>
						<item id="2"><![CDATA[title]]></item>
					</item>
					<item id="template">
						<item id="raw"><![CDATA[<div class="module cl slidebox">
<ul class="slideshow">
[loop]
<li style="width: {picwidth}px; height: {picheight}px;"><a href="{url}"{target}><img src="{pic}" width="{picwidth}" height="{picheight}" /></a><span class="title"><a href="{url}"{target}>{title}</a></span></li>
[/loop]
</ul>
</div>
<script type="text/javascript">
runslideshow();
</script>]]></item>
						<item id="footer"><![CDATA[]]></item>
						<item id="header"><![CDATA[]]></item>
						<item id="indexplus"><![CDATA[
						]]></item>
						<item id="index"><![CDATA[
						]]></item>
						<item id="orderplus"><![CDATA[
						]]></item>
						<item id="order"><![CDATA[
						]]></item>
						<item id="loopplus"><![CDATA[
						]]></item>
						<item id="loop"><![CDATA[<li style="width: {picwidth}px; height: {picheight}px;"><a href="{url}"{target}><img src="{pic}" width="{picwidth}" height="{picheight}" /></a><span class="title"><a href="{url}"{target}>{title}</a></span></li>]]></item>
					</item>
					<item id="hash"><![CDATA[4d4088fd]]></item>
				</item>
				<item id="picwidth"><![CDATA[694]]></item>
				<item id="picheight"><![CDATA[420]]></item>
				<item id="target"><![CDATA[blank]]></item>
				<item id="dateformat"><![CDATA[Y-m-d]]></item>
				<item id="dateuformat"><![CDATA[0]]></item>
				<item id="script"><![CDATA[thread]]></item>
				<item id="param">
					<item id="tids"><![CDATA[]]></item>
					<item id="uids"><![CDATA[]]></item>
					<item id="keyword"><![CDATA[]]></item>
					<item id="tagkeyword"><![CDATA[]]></item>
					<item id="fids">
						<item id="0"><![CDATA[0]]></item>
					</item>
					<item id="typeids"><![CDATA[]]></item>
					<item id="recommend"><![CDATA[0]]></item>
					<item id="special">
						<item id="0"><![CDATA[0]]></item>
					</item>
					<item id="viewmod"><![CDATA[0]]></item>
					<item id="rewardstatus"><![CDATA[0]]></item>
					<item id="picrequired"><![CDATA[1]]></item>
					<item id="orderby"><![CDATA[lastpost]]></item>
					<item id="postdateline"><![CDATA[0]]></item>
					<item id="lastpost"><![CDATA[0]]></item>
					<item id="highlight"><![CDATA[0]]></item>
					<item id="titlelength"><![CDATA[40]]></item>
					<item id="summarylength"><![CDATA[80]]></item>
					<item id="startrow"><![CDATA[0]]></item>
					<item id="items"><![CDATA[4]]></item>
				</item>
				<item id="shownum"><![CDATA[4]]></item>
				<item id="cachetime"><![CDATA[3600]]></item>
				<item id="cachetimerange"><![CDATA[]]></item>
				<item id="punctualupdate"><![CDATA[0]]></item>
				<item id="hidedisplay"><![CDATA[0]]></item>
				<item id="dateline"><![CDATA[1498119468]]></item>
				<item id="notinherited"><![CDATA[0]]></item>
				<item id="isblank"><![CDATA[0]]></item>
			</item>
			<item id="283">
				<item id="bid"><![CDATA[283]]></item>
				<item id="blockclass"><![CDATA[forum_thread]]></item>
				<item id="blocktype"><![CDATA[0]]></item>
				<item id="name"><![CDATA[社区热点]]></item>
				<item id="title"><![CDATA[<div class="blocktitle title"><span class="titletext" style="float:;margin-left:px;font-size:;color: !important;">社区热点</span><span class="subtitle" style="float:right;margin-right:px;font-size:"><a href="#" target="_blank" style="color: !important;">更多</a></span></div>]]></item>
				<item id="classname"><![CDATA[sysqrd]]></item>
				<item id="summary"><![CDATA[]]></item>
				<item id="uid"><![CDATA[1]]></item>
				<item id="username"><![CDATA[admin]]></item>
				<item id="styleid"><![CDATA[13]]></item>
				<item id="blockstyle"><![CDATA[]]></item>
				<item id="picwidth"><![CDATA[0]]></item>
				<item id="picheight"><![CDATA[0]]></item>
				<item id="target"><![CDATA[blank]]></item>
				<item id="dateformat"><![CDATA[Y-m-d]]></item>
				<item id="dateuformat"><![CDATA[0]]></item>
				<item id="script"><![CDATA[thread]]></item>
				<item id="param">
					<item id="tids"><![CDATA[]]></item>
					<item id="uids"><![CDATA[]]></item>
					<item id="keyword"><![CDATA[]]></item>
					<item id="tagkeyword"><![CDATA[]]></item>
					<item id="typeids"><![CDATA[]]></item>
					<item id="recommend"><![CDATA[0]]></item>
					<item id="viewmod"><![CDATA[0]]></item>
					<item id="rewardstatus"><![CDATA[0]]></item>
					<item id="picrequired"><![CDATA[0]]></item>
					<item id="orderby"><![CDATA[views]]></item>
					<item id="postdateline"><![CDATA[0]]></item>
					<item id="lastpost"><![CDATA[0]]></item>
					<item id="highlight"><![CDATA[0]]></item>
					<item id="titlelength"><![CDATA[40]]></item>
					<item id="summarylength"><![CDATA[80]]></item>
					<item id="startrow"><![CDATA[0]]></item>
					<item id="items"><![CDATA[6]]></item>
				</item>
				<item id="shownum"><![CDATA[6]]></item>
				<item id="cachetime"><![CDATA[3600]]></item>
				<item id="cachetimerange"><![CDATA[]]></item>
				<item id="punctualupdate"><![CDATA[0]]></item>
				<item id="hidedisplay"><![CDATA[0]]></item>
				<item id="dateline"><![CDATA[1498118199]]></item>
				<item id="notinherited"><![CDATA[0]]></item>
				<item id="isblank"><![CDATA[0]]></item>
			</item>
			<item id="284">
				<item id="bid"><![CDATA[284]]></item>
				<item id="blockclass"><![CDATA[html_html]]></item>
				<item id="blocktype"><![CDATA[0]]></item>
				<item id="name"><![CDATA[热门标签]]></item>
				<item id="title"><![CDATA[<div class="blocktitle title"><span class="titletext" style="float:;margin-left:px;font-size:;color: !important;">热门标签</span></div>]]></item>
				<item id="classname"><![CDATA[syrmbq]]></item>
				<item id="summary"><![CDATA[				<div id="scbar" class="cl" style="border-top: 1px solid #CCC;">
					<form id="scbar_form" class="z" method="post" autocomplete="off" onsubmit="searchFocus($('srchtxt'))" action="search.php?searchsubmit=yes" target="_blank">
						<input type="hidden" name="mod" id="scbar_mod" value="search" />
						<input type="hidden" name="formhash" value="{FORMHASH}" />
						<input type="hidden" name="srchtype" value="title" />
						<table cellspacing="0" cellpadding="0">
							<tr>
								<td class="scbar_icon_td"></td>
								<td class="scbar_txt_td"><input type="text" name="srchtxt" id="scbar_txt" class="xg1" value="请输入搜索内容" autocomplete="off" onfocus="if(this.value=='请输入搜索内容'){this.value='';this.className=''}" onblur="if(this.value==''){this.value='请输入搜索内容';this.className='xg1'}" /></td>
								<td class="scbar_type_td"><a href="javascript:;" id="scbar_type" class="showmenu xg1" onclick="showMenu({'ctrlid':this.id,'pos':'34'})">搜索</a></td>
								<td class="scbar_btn_td"><button type="submit" id="scbar_btn" name="searchsubmit" class="pn pnc" value="true"><strong class="xi2">搜索</strong></button></td>
								<td class="scbar_hot_td">
									<div id="scbar_hot">
										<strong class="xw1 xi1">热搜: </strong><a href="search.php?mod=forum&srchtxt=%BB%EE%B6%AF&formhash={FORMHASH}&searchsubmit=true" target="_blank" class="xi2">活动</a><a href="search.php?mod=forum&srchtxt=%BD%BB%D3%D1&formhash={FORMHASH}&searchsubmit=true" target="_blank" class="xi2">交友</a><a href="search.php?mod=forum&srchtxt=discuz&formhash={FORMHASH}&searchsubmit=true" target="_blank" class="xi2">discuz</a><a href="search.php?mod=forum&srchtxt=%BB%EE%B6%AF&formhash={FORMHASH}&searchsubmit=true" target="_blank" class="xi2">活动</a><a href="search.php?mod=forum&srchtxt=%BD%BB%D3%D1&formhash={FORMHASH}&searchsubmit=true" target="_blank" class="xi2">交友</a><a href="search.php?mod=forum&srchtxt=discuz&formhash={FORMHASH}&searchsubmit=true" target="_blank" class="xi2">discuz</a><a href="search.php?mod=forum&srchtxt=%BB%EE%B6%AF&formhash={FORMHASH}&searchsubmit=true" target="_blank" class="xi2">活动</a><a href="search.php?mod=forum&srchtxt=%BD%BB%D3%D1&formhash={FORMHASH}&searchsubmit=true" target="_blank" class="xi2">交友</a><a href="search.php?mod=forum&srchtxt=discuz&formhash={FORMHASH}&searchsubmit=true" target="_blank" class="xi2">discuz</a><a href="search.php?mod=forum&srchtxt=%BB%EE%B6%AF&formhash={FORMHASH}&searchsubmit=true" target="_blank" class="xi2">活动</a><a href="search.php?mod=forum&srchtxt=%BD%BB%D3%D1&formhash={FORMHASH}&searchsubmit=true" target="_blank" class="xi2">交友</a><a href="search.php?mod=forum&srchtxt=discuz&formhash={FORMHASH}&searchsubmit=true" target="_blank" class="xi2">discuz</a>
									</div>
								</td>
							</tr>
						</table>
					</form>
				</div>
				<ul id="scbar_type_menu" class="p_pop" style="display: none;"><li><a href="javascript:;" rel="article" class="curtype">文章</a></li><li><a href="javascript:;" rel="forum">帖子</a></li><li><a href="javascript:;" rel="blog">日志</a></li><li><a href="javascript:;" rel="group">群组</a></li><li><a href="javascript:;" rel="user">用户</a></li></ul>
				<script type="text/javascript">initSearchmenu('scbar');</script>]]></item>
				<item id="uid"><![CDATA[1]]></item>
				<item id="username"><![CDATA[admin]]></item>
				<item id="styleid"><![CDATA[0]]></item>
				<item id="blockstyle"><![CDATA[]]></item>
				<item id="picwidth"><![CDATA[0]]></item>
				<item id="picheight"><![CDATA[0]]></item>
				<item id="target"><![CDATA[blank]]></item>
				<item id="dateformat"><![CDATA[Y-m-d]]></item>
				<item id="dateuformat"><![CDATA[0]]></item>
				<item id="script"><![CDATA[search]]></item>
				<item id="param">
					<item id="items"><![CDATA[10]]></item>
				</item>
				<item id="shownum"><![CDATA[10]]></item>
				<item id="cachetime"><![CDATA[3600]]></item>
				<item id="cachetimerange"><![CDATA[]]></item>
				<item id="punctualupdate"><![CDATA[0]]></item>
				<item id="hidedisplay"><![CDATA[0]]></item>
				<item id="dateline"><![CDATA[1498118104]]></item>
				<item id="notinherited"><![CDATA[0]]></item>
				<item id="isblank"><![CDATA[0]]></item>
			</item>
		</item>
		<item id="style">
			<item id="13">
				<item id="styleid"><![CDATA[13]]></item>
				<item id="blockclass"><![CDATA[forum_thread]]></item>
				<item id="name"><![CDATA[[内置]帖子标题+发帖时间]]></item>
				<item id="template">
					<item id="raw"><![CDATA[<div class="module cl xl xl1">
<ul>
[loop]
<li><em>{dateline}</em><a href="{url}" title="{title}"{target}>{title}</a></li>
[/loop]
</ul>
</div>]]></item>
					<item id="footer"><![CDATA[]]></item>
					<item id="header"><![CDATA[]]></item>
					<item id="indexplus">
					</item>
					<item id="index">
					</item>
					<item id="orderplus">
					</item>
					<item id="order">
					</item>
					<item id="loopplus">
					</item>
					<item id="loop"><![CDATA[<li><em>{dateline}</em><a href="{url}" title="{title}"{target}>{title}</a></li>]]></item>
				</item>
				<item id="hash"><![CDATA[37a3603a]]></item>
				<item id="getpic"><![CDATA[0]]></item>
				<item id="getsummary"><![CDATA[0]]></item>
				<item id="makethumb"><![CDATA[0]]></item>
				<item id="settarget"><![CDATA[1]]></item>
				<item id="fields">
					<item id="0"><![CDATA[dateline]]></item>
					<item id="1"><![CDATA[url]]></item>
					<item id="2"><![CDATA[title]]></item>
				</item>
				<item id="moreurl"><![CDATA[0]]></item>
			</item>
		</item>
	</item>
</root>