<?xml version="1.0" encoding="ISO-8859-1"?>
<root>
	<item id="spacecss"><![CDATA[]]></item>
	<item id="layoutdata">
		<item id="diy1"><![CDATA[]]></item>
		<item id="diy111"><![CDATA[]]></item>
		<item id="diyleftsidebottom">
			<item id="tab`tabdv4906">
				<item id="attr">
					<item id="name"><![CDATA[tabdv4906]]></item>
					<item id="moveable"><![CDATA[true]]></item>
					<item id="className"><![CDATA[sytab_tx frame-tab move-span cl]]></item>
					<item id="titles">
						<item id="className">
							<item id="0"><![CDATA[tab-title title column cl]]></item>
						</item>
						<item id="style"><![CDATA[]]></item>
						<item id="switchType">
							<item id="0"><![CDATA[click]]></item>
						</item>
					</item>
				</item>
				<item id="column`tabdv4906_title">
					<item id="attr">
						<item id="name"><![CDATA[tabdv4906_title]]></item>
						<item id="className"><![CDATA[tab-title title column cl]]></item>
					</item>
					<item id="block`portal_block_285">
						<item id="attr">
							<item id="name"><![CDATA[portal_block_285]]></item>
							<item id="className"><![CDATA[block move-span]]></item>
							<item id="titles">
								<item id="className">
									<item id="0"><![CDATA[blocktitle title]]></item>
								</item>
								<item id="style"><![CDATA[]]></item>
								<item id="first">
									<item id="text"><![CDATA[热门板块]]></item>
									<item id="href"><![CDATA[]]></item>
									<item id="color"><![CDATA[]]></item>
									<item id="float"><![CDATA[]]></item>
									<item id="margin"><![CDATA[]]></item>
									<item id="font-size"><![CDATA[]]></item>
									<item id="className"><![CDATA[titletext]]></item>
									<item id="src"><![CDATA[]]></item>
								</item>
							</item>
						</item>
					</item>
					<item id="block`portal_block_286">
						<item id="attr">
							<item id="name"><![CDATA[portal_block_286]]></item>
							<item id="className"><![CDATA[block move-span]]></item>
							<item id="titles">
								<item id="className">
									<item id="0"><![CDATA[blocktitle title]]></item>
								</item>
								<item id="style"><![CDATA[]]></item>
								<item id="first">
									<item id="text"><![CDATA[新晋会员]]></item>
									<item id="href"><![CDATA[]]></item>
									<item id="color"><![CDATA[]]></item>
									<item id="float"><![CDATA[]]></item>
									<item id="margin"><![CDATA[]]></item>
									<item id="font-size"><![CDATA[]]></item>
									<item id="className"><![CDATA[titletext]]></item>
									<item id="src"><![CDATA[]]></item>
								</item>
							</item>
						</item>
					</item>
				</item>
			</item>
			<item id="frame`frameuU4Uyj">
				<item id="attr">
					<item id="name"><![CDATA[frameuU4Uyj]]></item>
					<item id="moveable"><![CDATA[true]]></item>
					<item id="className"><![CDATA[lbytjydtu frame move-span cl frame-1]]></item>
					<item id="titles"><![CDATA[]]></item>
				</item>
				<item id="column`frameuU4Uyj_left">
					<item id="attr">
						<item id="name"><![CDATA[frameuU4Uyj_left]]></item>
						<item id="className"><![CDATA[column frame-1-c]]></item>
					</item>
					<item id="block`portal_block_287">
						<item id="attr">
							<item id="name"><![CDATA[portal_block_287]]></item>
							<item id="className"><![CDATA[block move-span]]></item>
							<item id="titles">
								<item id="className">
									<item id="0"><![CDATA[blocktitle title]]></item>
								</item>
								<item id="style"><![CDATA[]]></item>
								<item id="first">
									<item id="text"><![CDATA[推荐阅读]]></item>
									<item id="href"><![CDATA[]]></item>
									<item id="color"><![CDATA[]]></item>
									<item id="float"><![CDATA[]]></item>
									<item id="margin"><![CDATA[]]></item>
									<item id="font-size"><![CDATA[]]></item>
									<item id="className"><![CDATA[titletext]]></item>
									<item id="src"><![CDATA[]]></item>
								</item>
							</item>
						</item>
					</item>
				</item>
			</item>
		</item>
		<item id="diyleftsidebottoma"><![CDATA[]]></item>
		<item id="diyleftsidebottomab"><![CDATA[]]></item>
		<item id="diyleftsidebottomc"><![CDATA[]]></item>
		<item id="diynavtop"><![CDATA[]]></item>
		<item id="diy4"><![CDATA[]]></item>
		<item id="diyfastposttop"><![CDATA[]]></item>
		<item id="diyforumdisplaybottom"><![CDATA[]]></item>
	</item>
	<item id="blockdata">
		<item id="block">
			<item id="285">
				<item id="bid"><![CDATA[285]]></item>
				<item id="blockclass"><![CDATA[forum_forum]]></item>
				<item id="blocktype"><![CDATA[0]]></item>
				<item id="name"><![CDATA[首页版块推荐]]></item>
				<item id="title"><![CDATA[<div class="blocktitle title"><span class="titletext" style="float:;margin-left:px;font-size:;color: !important;">热门板块</span></div>]]></item>
				<item id="classname"><![CDATA[]]></item>
				<item id="summary"><![CDATA[]]></item>
				<item id="uid"><![CDATA[1]]></item>
				<item id="username"><![CDATA[admin]]></item>
				<item id="styleid"><![CDATA[2]]></item>
				<item id="blockstyle"><![CDATA[]]></item>
				<item id="picwidth"><![CDATA[0]]></item>
				<item id="picheight"><![CDATA[0]]></item>
				<item id="target"><![CDATA[blank]]></item>
				<item id="dateformat"><![CDATA[Y-m-d]]></item>
				<item id="dateuformat"><![CDATA[0]]></item>
				<item id="script"><![CDATA[forum]]></item>
				<item id="param">
					<item id="fids"><![CDATA[]]></item>
					<item id="fups">
						<item id="0"><![CDATA[0]]></item>
					</item>
					<item id="titlelength"><![CDATA[40]]></item>
					<item id="summarylength"><![CDATA[80]]></item>
					<item id="orderby"><![CDATA[displayorder]]></item>
					<item id="items"><![CDATA[14]]></item>
				</item>
				<item id="shownum"><![CDATA[14]]></item>
				<item id="cachetime"><![CDATA[3600]]></item>
				<item id="cachetimerange"><![CDATA[]]></item>
				<item id="punctualupdate"><![CDATA[0]]></item>
				<item id="hidedisplay"><![CDATA[0]]></item>
				<item id="dateline"><![CDATA[1498120337]]></item>
				<item id="notinherited"><![CDATA[0]]></item>
				<item id="isblank"><![CDATA[0]]></item>
			</item>
			<item id="286">
				<item id="bid"><![CDATA[286]]></item>
				<item id="blockclass"><![CDATA[member_member]]></item>
				<item id="blocktype"><![CDATA[0]]></item>
				<item id="name"><![CDATA[首页新晋会员]]></item>
				<item id="title"><![CDATA[<div class="blocktitle title"><span class="titletext" style="float:;margin-left:px;font-size:;color: !important;">新晋会员</span></div>]]></item>
				<item id="classname"><![CDATA[]]></item>
				<item id="summary"><![CDATA[]]></item>
				<item id="uid"><![CDATA[1]]></item>
				<item id="username"><![CDATA[admin]]></item>
				<item id="styleid"><![CDATA[78]]></item>
				<item id="blockstyle"><![CDATA[]]></item>
				<item id="picwidth"><![CDATA[0]]></item>
				<item id="picheight"><![CDATA[0]]></item>
				<item id="target"><![CDATA[blank]]></item>
				<item id="dateformat"><![CDATA[Y-m-d]]></item>
				<item id="dateuformat"><![CDATA[0]]></item>
				<item id="script"><![CDATA[member]]></item>
				<item id="param">
					<item id="uids"><![CDATA[]]></item>
					<item id="groupid">
						<item id="0"><![CDATA[10]]></item>
					</item>
					<item id="special"><![CDATA[]]></item>
					<item id="gender"><![CDATA[]]></item>
					<item id="xbirthprovince"><![CDATA[]]></item>
					<item id="xresideprovince"><![CDATA[]]></item>
					<item id="avatarstatus"><![CDATA[0]]></item>
					<item id="orderby"><![CDATA[credits]]></item>
					<item id="extcredit"><![CDATA[1]]></item>
					<item id="lastpost"><![CDATA[]]></item>
					<item id="startrow"><![CDATA[0]]></item>
					<item id="items"><![CDATA[14]]></item>
				</item>
				<item id="shownum"><![CDATA[14]]></item>
				<item id="cachetime"><![CDATA[3600]]></item>
				<item id="cachetimerange"><![CDATA[]]></item>
				<item id="punctualupdate"><![CDATA[0]]></item>
				<item id="hidedisplay"><![CDATA[0]]></item>
				<item id="dateline"><![CDATA[1498120339]]></item>
				<item id="notinherited"><![CDATA[0]]></item>
				<item id="isblank"><![CDATA[0]]></item>
			</item>
			<item id="287">
				<item id="bid"><![CDATA[287]]></item>
				<item id="blockclass"><![CDATA[forum_thread]]></item>
				<item id="blocktype"><![CDATA[0]]></item>
				<item id="name"><![CDATA[帖子列表右边]]></item>
				<item id="title"><![CDATA[<div class="blocktitle title"><span class="titletext" style="float:;margin-left:px;font-size:;color: !important;">推荐阅读</span></div>]]></item>
				<item id="classname"><![CDATA[]]></item>
				<item id="summary"><![CDATA[]]></item>
				<item id="uid"><![CDATA[1]]></item>
				<item id="username"><![CDATA[admin]]></item>
				<item id="styleid"><![CDATA[0]]></item>
				<item id="blockstyle">
					<item id="name"><![CDATA[]]></item>
					<item id="blockclass"><![CDATA[forum_thread]]></item>
					<item id="makethumb"><![CDATA[0]]></item>
					<item id="getpic"><![CDATA[1]]></item>
					<item id="getsummary"><![CDATA[1]]></item>
					<item id="settarget"><![CDATA[0]]></item>
					<item id="moreurl"><![CDATA[0]]></item>
					<item id="fields">
						<item id="0"><![CDATA[url]]></item>
						<item id="1"><![CDATA[title]]></item>
						<item id="2"><![CDATA[pic]]></item>
						<item id="3"><![CDATA[summary]]></item>
					</item>
					<item id="template">
						<item id="raw"><![CDATA[<div class="module cl xl xl1">
<ul>
[loop]
<li>
        <p><a href="{url}" title="{title}" target="_blank">{title}</a></p>
	<p><a href="{url}" target="_blank"><img src="{pic}" width="135" height="93" alt="DJI Care丨大疆创新正式推出一年两次换新服务！"></a>{summary}</p>
</li>
[/loop]
</ul>
</div>]]></item>
						<item id="footer"><![CDATA[]]></item>
						<item id="header"><![CDATA[]]></item>
						<item id="indexplus"><![CDATA[
						]]></item>
						<item id="index"><![CDATA[
						]]></item>
						<item id="orderplus"><![CDATA[
						]]></item>
						<item id="order"><![CDATA[
						]]></item>
						<item id="loopplus"><![CDATA[
						]]></item>
						<item id="loop"><![CDATA[<li>
        <p><a href="{url}" title="{title}" target="_blank">{title}</a></p>
	<p><a href="{url}" target="_blank"><img src="{pic}" width="135" height="93" alt="DJI Care丨大疆创新正式推出一年两次换新服务！"></a>{summary}</p>
</li>]]></item>
					</item>
					<item id="hash"><![CDATA[eef8b883]]></item>
				</item>
				<item id="picwidth"><![CDATA[0]]></item>
				<item id="picheight"><![CDATA[0]]></item>
				<item id="target"><![CDATA[blank]]></item>
				<item id="dateformat"><![CDATA[Y-m-d]]></item>
				<item id="dateuformat"><![CDATA[0]]></item>
				<item id="script"><![CDATA[thread]]></item>
				<item id="param">
					<item id="tids"><![CDATA[]]></item>
					<item id="uids"><![CDATA[]]></item>
					<item id="keyword"><![CDATA[]]></item>
					<item id="tagkeyword"><![CDATA[]]></item>
					<item id="fids">
						<item id="0"><![CDATA[0]]></item>
					</item>
					<item id="typeids"><![CDATA[]]></item>
					<item id="recommend"><![CDATA[0]]></item>
					<item id="special">
						<item id="0"><![CDATA[0]]></item>
					</item>
					<item id="viewmod"><![CDATA[0]]></item>
					<item id="rewardstatus"><![CDATA[0]]></item>
					<item id="picrequired"><![CDATA[0]]></item>
					<item id="orderby"><![CDATA[lastpost]]></item>
					<item id="postdateline"><![CDATA[0]]></item>
					<item id="lastpost"><![CDATA[0]]></item>
					<item id="highlight"><![CDATA[0]]></item>
					<item id="titlelength"><![CDATA[40]]></item>
					<item id="summarylength"><![CDATA[80]]></item>
					<item id="startrow"><![CDATA[0]]></item>
					<item id="items"><![CDATA[5]]></item>
					<item id="bannedids"><![CDATA[24,20]]></item>
				</item>
				<item id="shownum"><![CDATA[5]]></item>
				<item id="cachetime"><![CDATA[3600]]></item>
				<item id="cachetimerange"><![CDATA[]]></item>
				<item id="punctualupdate"><![CDATA[0]]></item>
				<item id="hidedisplay"><![CDATA[0]]></item>
				<item id="dateline"><![CDATA[1498119489]]></item>
				<item id="notinherited"><![CDATA[0]]></item>
				<item id="isblank"><![CDATA[0]]></item>
			</item>
		</item>
		<item id="style">
			<item id="2">
				<item id="styleid"><![CDATA[2]]></item>
				<item id="blockclass"><![CDATA[forum_forum]]></item>
				<item id="name"><![CDATA[[内置]版块名称列表]]></item>
				<item id="template">
					<item id="raw"><![CDATA[<div class="module cl xl xl1">
<ul>
[loop]
<li><a href="{url}" title="{title}"{target}>{title}</a></li>
[/loop]
</ul>
</div>]]></item>
					<item id="footer"><![CDATA[]]></item>
					<item id="header"><![CDATA[]]></item>
					<item id="indexplus">
					</item>
					<item id="index">
					</item>
					<item id="orderplus">
					</item>
					<item id="order">
					</item>
					<item id="loopplus">
					</item>
					<item id="loop"><![CDATA[<li><a href="{url}" title="{title}"{target}>{title}</a></li>]]></item>
				</item>
				<item id="hash"><![CDATA[c6c48ef5]]></item>
				<item id="getpic"><![CDATA[0]]></item>
				<item id="getsummary"><![CDATA[0]]></item>
				<item id="makethumb"><![CDATA[0]]></item>
				<item id="settarget"><![CDATA[1]]></item>
				<item id="fields">
					<item id="0"><![CDATA[url]]></item>
					<item id="1"><![CDATA[title]]></item>
				</item>
				<item id="moreurl"><![CDATA[0]]></item>
			</item>
			<item id="78">
				<item id="styleid"><![CDATA[78]]></item>
				<item id="blockclass"><![CDATA[member_member]]></item>
				<item id="name"><![CDATA[[内置]用户名列表]]></item>
				<item id="template">
					<item id="raw"><![CDATA[<div class="module cl xl xl1">
<ul>
[loop]
<li><a href="{url}" title="{title}" c="1"{target}>{title}</a></li>
[/loop]
</ul>
</div>]]></item>
					<item id="footer"><![CDATA[]]></item>
					<item id="header"><![CDATA[]]></item>
					<item id="indexplus">
					</item>
					<item id="index">
					</item>
					<item id="orderplus">
					</item>
					<item id="order">
					</item>
					<item id="loopplus">
					</item>
					<item id="loop"><![CDATA[<li><a href="{url}" title="{title}" c="1"{target}>{title}</a></li>]]></item>
				</item>
				<item id="hash"><![CDATA[ed36c3b0]]></item>
				<item id="getpic"><![CDATA[0]]></item>
				<item id="getsummary"><![CDATA[0]]></item>
				<item id="makethumb"><![CDATA[0]]></item>
				<item id="settarget"><![CDATA[1]]></item>
				<item id="fields">
					<item id="0"><![CDATA[url]]></item>
					<item id="1"><![CDATA[title]]></item>
				</item>
				<item id="moreurl"><![CDATA[0]]></item>
			</item>
		</item>
	</item>
</root>