<?xml version="1.0" encoding="ISO-8859-1"?>
<root>
	<item id="spacecss"><![CDATA[#framevoe1hv { margin-top:10px !important;}#frameWeavh9 { margin-top:10px !important;}]]></item>
	<item id="layoutdata">
		<item id="diy15">
			<item id="frame`frameWeavh9">
				<item id="attr">
					<item id="name"><![CDATA[frameWeavh9]]></item>
					<item id="moveable"><![CDATA[true]]></item>
					<item id="className"><![CDATA[ frame move-span cl frame-1]]></item>
					<item id="titles"><![CDATA[]]></item>
				</item>
				<item id="column`frameWeavh9_left">
					<item id="attr">
						<item id="name"><![CDATA[frameWeavh9_left]]></item>
						<item id="className"><![CDATA[column frame-1-c]]></item>
					</item>
					<item id="block`portal_block_1146">
						<item id="attr">
							<item id="name"><![CDATA[portal_block_1146]]></item>
							<item id="className"><![CDATA[syhdp block move-span]]></item>
							<item id="titles"><![CDATA[]]></item>
						</item>
					</item>
				</item>
			</item>
		</item>
		<item id="diy1">
			<item id="frame`framevoe1hv">
				<item id="attr">
					<item id="name"><![CDATA[framevoe1hv]]></item>
					<item id="moveable"><![CDATA[true]]></item>
					<item id="className"><![CDATA[ frame move-span cl frame-3-1]]></item>
					<item id="titles"><![CDATA[]]></item>
				</item>
				<item id="column`framevoe1hv_left">
					<item id="attr">
						<item id="name"><![CDATA[framevoe1hv_left]]></item>
						<item id="className"><![CDATA[column frame-3-1-l]]></item>
					</item>
					<item id="block`portal_block_1145">
						<item id="attr">
							<item id="name"><![CDATA[portal_block_1145]]></item>
							<item id="className"><![CDATA[block move-span]]></item>
							<item id="titles"><![CDATA[]]></item>
						</item>
					</item>
				</item>
				<item id="column`framevoe1hv_center">
					<item id="attr">
						<item id="name"><![CDATA[framevoe1hv_center]]></item>
						<item id="className"><![CDATA[column frame-3-1-r]]></item>
					</item>
					<item id="block`portal_block_1147">
						<item id="attr">
							<item id="name"><![CDATA[portal_block_1147]]></item>
							<item id="className"><![CDATA[syqdft block move-span]]></item>
							<item id="titles"><![CDATA[]]></item>
						</item>
					</item>
					<item id="block`portal_block_1148">
						<item id="attr">
							<item id="name"><![CDATA[portal_block_1148]]></item>
							<item id="className"><![CDATA[wgbkz block move-span]]></item>
							<item id="titles">
								<item id="className">
									<item id="0"><![CDATA[blocktitle title]]></item>
								</item>
								<item id="style"><![CDATA[]]></item>
								<item id="first">
									<item id="text"><![CDATA[版块推荐]]></item>
									<item id="href"><![CDATA[]]></item>
									<item id="color"><![CDATA[]]></item>
									<item id="float"><![CDATA[]]></item>
									<item id="margin"><![CDATA[]]></item>
									<item id="font-size"><![CDATA[]]></item>
									<item id="className"><![CDATA[titletext]]></item>
									<item id="src"><![CDATA[]]></item>
								</item>
							</item>
						</item>
					</item>
					<item id="block`portal_block_1149">
						<item id="attr">
							<item id="name"><![CDATA[portal_block_1149]]></item>
							<item id="className"><![CDATA[spbf block move-span]]></item>
							<item id="titles">
								<item id="className">
									<item id="0"><![CDATA[blocktitle title]]></item>
								</item>
								<item id="style"><![CDATA[]]></item>
								<item id="first">
									<item id="text"><![CDATA[360手机N5S发布会全程实录]]></item>
									<item id="href"><![CDATA[]]></item>
									<item id="color"><![CDATA[]]></item>
									<item id="float"><![CDATA[]]></item>
									<item id="margin"><![CDATA[]]></item>
									<item id="font-size"><![CDATA[]]></item>
									<item id="className"><![CDATA[titletext]]></item>
									<item id="src"><![CDATA[]]></item>
								</item>
							</item>
						</item>
					</item>
					<item id="block`portal_block_1150">
						<item id="attr">
							<item id="name"><![CDATA[portal_block_1150]]></item>
							<item id="className"><![CDATA[zxhd block move-span]]></item>
							<item id="titles">
								<item id="className">
									<item id="0"><![CDATA[blocktitle title]]></item>
								</item>
								<item id="style"><![CDATA[]]></item>
								<item id="first">
									<item id="text"><![CDATA[最新活动]]></item>
									<item id="href"><![CDATA[]]></item>
									<item id="color"><![CDATA[]]></item>
									<item id="float"><![CDATA[]]></item>
									<item id="margin"><![CDATA[]]></item>
									<item id="font-size"><![CDATA[]]></item>
									<item id="className"><![CDATA[titletext]]></item>
									<item id="src"><![CDATA[]]></item>
								</item>
							</item>
						</item>
					</item>
					<item id="block`portal_block_1151">
						<item id="attr">
							<item id="name"><![CDATA[portal_block_1151]]></item>
							<item id="className"><![CDATA[rmtj block move-span]]></item>
							<item id="titles">
								<item id="className">
									<item id="0"><![CDATA[blocktitle title]]></item>
								</item>
								<item id="style"><![CDATA[]]></item>
								<item id="first">
									<item id="text"><![CDATA[热门推荐]]></item>
									<item id="href"><![CDATA[]]></item>
									<item id="color"><![CDATA[]]></item>
									<item id="float"><![CDATA[]]></item>
									<item id="margin"><![CDATA[]]></item>
									<item id="font-size"><![CDATA[]]></item>
									<item id="className"><![CDATA[titletext]]></item>
									<item id="src"><![CDATA[]]></item>
								</item>
							</item>
						</item>
					</item>
					<item id="block`portal_block_1154">
						<item id="attr">
							<item id="name"><![CDATA[portal_block_1154]]></item>
							<item id="className"><![CDATA[sllb block move-span]]></item>
							<item id="titles">
								<item id="className">
									<item id="0"><![CDATA[blocktitle title]]></item>
								</item>
								<item id="style"><![CDATA[]]></item>
								<item id="first">
									<item id="text"><![CDATA[360 OS版本 ]]></item>
									<item id="href"><![CDATA[]]></item>
									<item id="color"><![CDATA[]]></item>
									<item id="float"><![CDATA[]]></item>
									<item id="margin"><![CDATA[]]></item>
									<item id="font-size"><![CDATA[]]></item>
									<item id="className"><![CDATA[titletext]]></item>
									<item id="src"><![CDATA[]]></item>
								</item>
							</item>
						</item>
					</item>
					<item id="block`portal_block_1153">
						<item id="attr">
							<item id="name"><![CDATA[portal_block_1153]]></item>
							<item id="className"><![CDATA[mxyh block move-span]]></item>
							<item id="titles">
								<item id="className">
									<item id="0"><![CDATA[blocktitle title]]></item>
								</item>
								<item id="style"><![CDATA[]]></item>
								<item id="first">
									<item id="text"><![CDATA[明星用户]]></item>
									<item id="href"><![CDATA[]]></item>
									<item id="color"><![CDATA[]]></item>
									<item id="float"><![CDATA[]]></item>
									<item id="margin"><![CDATA[]]></item>
									<item id="font-size"><![CDATA[]]></item>
									<item id="className"><![CDATA[titletext]]></item>
									<item id="src"><![CDATA[]]></item>
								</item>
							</item>
						</item>
					</item>
					<item id="block`portal_block_1152">
						<item id="attr">
							<item id="name"><![CDATA[portal_block_1152]]></item>
							<item id="className"><![CDATA[khxz block move-span]]></item>
							<item id="titles">
								<item id="className">
									<item id="0"><![CDATA[blocktitle title]]></item>
								</item>
								<item id="style"><![CDATA[]]></item>
								<item id="first">
									<item id="text"><![CDATA[360社区客户端下载]]></item>
									<item id="href"><![CDATA[]]></item>
									<item id="color"><![CDATA[]]></item>
									<item id="float"><![CDATA[]]></item>
									<item id="margin"><![CDATA[]]></item>
									<item id="font-size"><![CDATA[]]></item>
									<item id="className"><![CDATA[titletext]]></item>
									<item id="src"><![CDATA[]]></item>
								</item>
							</item>
						</item>
					</item>
				</item>
			</item>
		</item>
		<item id="diy2"><![CDATA[]]></item>
		<item id="diy3"><![CDATA[]]></item>
		<item id="diy4"><![CDATA[]]></item>
		<item id="diy5"><![CDATA[]]></item>
		<item id="diy6"><![CDATA[]]></item>
		<item id="diy7"><![CDATA[]]></item>
		<item id="diy8"><![CDATA[]]></item>
		<item id="diy9"><![CDATA[]]></item>
		<item id="diy10"><![CDATA[]]></item>
		<item id="diy11"><![CDATA[]]></item>
		<item id="diy12"><![CDATA[]]></item>
		<item id="diy13"><![CDATA[]]></item>
		<item id="diy16"><![CDATA[]]></item>
	</item>
	<item id="blockdata">
		<item id="block">
			<item id="1145">
				<item id="bid"><![CDATA[1145]]></item>
				<item id="blockclass"><![CDATA[forum_thread]]></item>
				<item id="blocktype"><![CDATA[0]]></item>
				<item id="name"><![CDATA[最新帖子]]></item>
				<item id="title"><![CDATA[]]></item>
				<item id="classname"><![CDATA[]]></item>
				<item id="summary"><![CDATA[]]></item>
				<item id="uid"><![CDATA[1]]></item>
				<item id="username"><![CDATA[admin]]></item>
				<item id="styleid"><![CDATA[0]]></item>
				<item id="blockstyle">
					<item id="name"><![CDATA[]]></item>
					<item id="blockclass"><![CDATA[forum_thread]]></item>
					<item id="makethumb"><![CDATA[1]]></item>
					<item id="getpic"><![CDATA[1]]></item>
					<item id="getsummary"><![CDATA[1]]></item>
					<item id="settarget"><![CDATA[0]]></item>
					<item id="moreurl"><![CDATA[0]]></item>
					<item id="fields">
						<item id="0"><![CDATA[url]]></item>
						<item id="1"><![CDATA[pic]]></item>
						<item id="2"><![CDATA[title]]></item>
						<item id="3"><![CDATA[summary]]></item>
						<item id="4"><![CDATA[forumurl]]></item>
						<item id="5"><![CDATA[forumname]]></item>
						<item id="6"><![CDATA[dateline]]></item>
						<item id="7"><![CDATA[author]]></item>
						<item id="8"><![CDATA[views]]></item>
						<item id="9"><![CDATA[replies]]></item>
					</item>
					<item id="template">
						<item id="raw"><![CDATA[ [loop]
 <ul>
<li class="datalists">

                <a href="{url}" class="left datalists-img" target="_blank"><img src="{pic}"width="{picwidth}" height="{picheight}"></a>
                <div class="left datalists-con-out">
                    <div class="left datalists-con">
                                           <div class="datalists-con-header"><a href="	{url}">{title}</a></div>
                        <div class="datalists-con-txt">{summary}<span><a href="{url}" target="_blank" class="more">全文》</a></span></div>
                        <div class="datalists-info">
                            <ul class="left">
                               <li><a href="{forumurl}">{forumname}</a></li>
                               
                                <li><span><span title="{dateline}">{dateline}</span></span></li>

                                <li><span>|</span>{author}</li>
                            </ul>
                            <ul class="right datalists-info-num">
                                <li>{views}</li>
                                <li>{replies}</li>
                            </ul>
                        </div>
                    </div>
                </div>
            </li>
            [/loop]
  ]]></item>
						<item id="footer"><![CDATA[]]></item>
						<item id="header"><![CDATA[]]></item>
						<item id="indexplus"><![CDATA[
						]]></item>
						<item id="index"><![CDATA[
						]]></item>
						<item id="orderplus"><![CDATA[
						]]></item>
						<item id="order"><![CDATA[
						]]></item>
						<item id="loopplus"><![CDATA[
						]]></item>
						<item id="loop"><![CDATA[<ul>
<li class="datalists">

                <a href="{url}" class="left datalists-img" target="_blank"><img src="{pic}"width="{picwidth}" height="{picheight}"></a>
                <div class="left datalists-con-out">
                    <div class="left datalists-con">
                                           <div class="datalists-con-header"><a href="	{url}">{title}</a></div>
                        <div class="datalists-con-txt">{summary}<span><a href="{url}" target="_blank" class="more">全文》</a></span></div>
                        <div class="datalists-info">
                            <ul class="left">
                               <li><a href="{forumurl}">{forumname}</a></li>
                               
                                <li><span><span title="{dateline}">{dateline}</span></span></li>

                                <li><span>|</span>{author}</li>
                            </ul>
                            <ul class="right datalists-info-num">
                                <li>{views}</li>
                                <li>{replies}</li>
                            </ul>
                        </div>
                    </div>
                </div>
            </li>]]></item>
					</item>
					<item id="hash"><![CDATA[45f28718]]></item>
				</item>
				<item id="picwidth"><![CDATA[280]]></item>
				<item id="picheight"><![CDATA[210]]></item>
				<item id="target"><![CDATA[blank]]></item>
				<item id="dateformat"><![CDATA[Y-m-d]]></item>
				<item id="dateuformat"><![CDATA[0]]></item>
				<item id="script"><![CDATA[thread]]></item>
				<item id="param">
					<item id="tids"><![CDATA[]]></item>
					<item id="uids"><![CDATA[]]></item>
					<item id="keyword"><![CDATA[]]></item>
					<item id="tagkeyword"><![CDATA[]]></item>
					<item id="fids">
						<item id="0"><![CDATA[0]]></item>
					</item>
					<item id="typeids"><![CDATA[]]></item>
					<item id="recommend"><![CDATA[0]]></item>
					<item id="special">
						<item id="0"><![CDATA[0]]></item>
					</item>
					<item id="viewmod"><![CDATA[0]]></item>
					<item id="rewardstatus"><![CDATA[0]]></item>
					<item id="picrequired"><![CDATA[0]]></item>
					<item id="orderby"><![CDATA[lastpost]]></item>
					<item id="postdateline"><![CDATA[0]]></item>
					<item id="lastpost"><![CDATA[0]]></item>
					<item id="highlight"><![CDATA[0]]></item>
					<item id="titlelength"><![CDATA[40]]></item>
					<item id="summarylength"><![CDATA[180]]></item>
					<item id="startrow"><![CDATA[0]]></item>
					<item id="items"><![CDATA[10]]></item>
				</item>
				<item id="shownum"><![CDATA[10]]></item>
				<item id="cachetime"><![CDATA[3600]]></item>
				<item id="cachetimerange"><![CDATA[]]></item>
				<item id="punctualupdate"><![CDATA[0]]></item>
				<item id="hidedisplay"><![CDATA[0]]></item>
				<item id="dateline"><![CDATA[1499606658]]></item>
				<item id="notinherited"><![CDATA[0]]></item>
				<item id="isblank"><![CDATA[0]]></item>
			</item>
			<item id="1146">
				<item id="bid"><![CDATA[1146]]></item>
				<item id="blockclass"><![CDATA[forum_thread]]></item>
				<item id="blocktype"><![CDATA[0]]></item>
				<item id="name"><![CDATA[首页大幻灯片]]></item>
				<item id="title"><![CDATA[]]></item>
				<item id="classname"><![CDATA[syhdp]]></item>
				<item id="summary"><![CDATA[]]></item>
				<item id="uid"><![CDATA[1]]></item>
				<item id="username"><![CDATA[admin]]></item>
				<item id="styleid"><![CDATA[0]]></item>
				<item id="blockstyle">
					<item id="name"><![CDATA[]]></item>
					<item id="blockclass"><![CDATA[forum_thread]]></item>
					<item id="makethumb"><![CDATA[1]]></item>
					<item id="getpic"><![CDATA[1]]></item>
					<item id="getsummary"><![CDATA[0]]></item>
					<item id="settarget"><![CDATA[1]]></item>
					<item id="moreurl"><![CDATA[0]]></item>
					<item id="fields">
						<item id="0"><![CDATA[url]]></item>
						<item id="1"><![CDATA[title]]></item>
						<item id="2"><![CDATA[pic]]></item>
					</item>
					<item id="template">
						<item id="raw"><![CDATA[<div class="module cl slidebox">
<div class="slidebarup btn"><a href="javascript:void(0);" mevent="click" ></a></div>
<ul class="slideshow">
[loop]
<li style="width: {picwidth}px; height: {picheight}px;"><a href="{url}"{target} title="{title}"><img src="{pic}" width="{picwidth}" height="{picheight}" /></a></li>
[/loop]
</ul>
<div class="slidebardown btn"><a href="javascript:void(0);" mevent="click"></a></div>
</div>
<script type="text/javascript">
runslideshow();
</script>]]></item>
						<item id="footer"><![CDATA[]]></item>
						<item id="header"><![CDATA[]]></item>
						<item id="indexplus"><![CDATA[
						]]></item>
						<item id="index"><![CDATA[
						]]></item>
						<item id="orderplus"><![CDATA[
						]]></item>
						<item id="order"><![CDATA[
						]]></item>
						<item id="loopplus"><![CDATA[
						]]></item>
						<item id="loop"><![CDATA[<li style="width: {picwidth}px; height: {picheight}px;"><a href="{url}"{target} title="{title}"><img src="{pic}" width="{picwidth}" height="{picheight}" /></a></li>]]></item>
					</item>
					<item id="hash"><![CDATA[42c84eff]]></item>
				</item>
				<item id="picwidth"><![CDATA[1200]]></item>
				<item id="picheight"><![CDATA[400]]></item>
				<item id="target"><![CDATA[blank]]></item>
				<item id="dateformat"><![CDATA[Y-m-d]]></item>
				<item id="dateuformat"><![CDATA[0]]></item>
				<item id="script"><![CDATA[thread]]></item>
				<item id="param">
					<item id="tids"><![CDATA[]]></item>
					<item id="uids"><![CDATA[]]></item>
					<item id="keyword"><![CDATA[]]></item>
					<item id="tagkeyword"><![CDATA[]]></item>
					<item id="fids">
						<item id="0"><![CDATA[0]]></item>
						<item id="1"><![CDATA[54]]></item>
					</item>
					<item id="typeids"><![CDATA[]]></item>
					<item id="recommend"><![CDATA[0]]></item>
					<item id="viewmod"><![CDATA[0]]></item>
					<item id="rewardstatus"><![CDATA[0]]></item>
					<item id="picrequired"><![CDATA[1]]></item>
					<item id="orderby"><![CDATA[lastpost]]></item>
					<item id="postdateline"><![CDATA[0]]></item>
					<item id="lastpost"><![CDATA[0]]></item>
					<item id="highlight"><![CDATA[0]]></item>
					<item id="titlelength"><![CDATA[40]]></item>
					<item id="summarylength"><![CDATA[80]]></item>
					<item id="startrow"><![CDATA[0]]></item>
					<item id="items"><![CDATA[5]]></item>
				</item>
				<item id="shownum"><![CDATA[5]]></item>
				<item id="cachetime"><![CDATA[3600]]></item>
				<item id="cachetimerange"><![CDATA[]]></item>
				<item id="punctualupdate"><![CDATA[0]]></item>
				<item id="hidedisplay"><![CDATA[0]]></item>
				<item id="dateline"><![CDATA[1499606153]]></item>
				<item id="notinherited"><![CDATA[0]]></item>
				<item id="isblank"><![CDATA[0]]></item>
			</item>
			<item id="1147">
				<item id="bid"><![CDATA[1147]]></item>
				<item id="blockclass"><![CDATA[html_html]]></item>
				<item id="blocktype"><![CDATA[0]]></item>
				<item id="name"><![CDATA[签到]]></item>
				<item id="title"><![CDATA[]]></item>
				<item id="classname"><![CDATA[syqdft]]></item>
				<item id="summary"><![CDATA[<div>
<p class="syqd"><a onclick="showWindow('nav', this.href, 'get', 0)" href="plugin.php?id=dsu_paulsign:sign">点击签到</a></p>
<p class="fatie"><a onclick="showWindow('nav', this.href, 'get', 0)" href="forum.php?mod=misc&amp;action=nav">发表帖子</a></p>
</div>]]></item>
				<item id="uid"><![CDATA[1]]></item>
				<item id="username"><![CDATA[admin]]></item>
				<item id="styleid"><![CDATA[0]]></item>
				<item id="blockstyle"><![CDATA[]]></item>
				<item id="picwidth"><![CDATA[0]]></item>
				<item id="picheight"><![CDATA[0]]></item>
				<item id="target"><![CDATA[blank]]></item>
				<item id="dateformat"><![CDATA[Y-m-d]]></item>
				<item id="dateuformat"><![CDATA[0]]></item>
				<item id="script"><![CDATA[blank]]></item>
				<item id="param">
					<item id="content"><![CDATA[<div>
<p class=\"syqd\"><a onclick=\"showWindow(\'nav\', this.href, \'get\', 0)\" href=\"plugin.php?id=dsu_paulsign:sign\">点击签到</a></p>
<p class=\"fatie\"><a onclick=\"showWindow(\'nav\', this.href, \'get\', 0)\" href=\"forum.php?mod=misc&amp;action=nav\">发表帖子</a></p>
</div>]]></item>
					<item id="items"><![CDATA[10]]></item>
				</item>
				<item id="shownum"><![CDATA[10]]></item>
				<item id="cachetime"><![CDATA[0]]></item>
				<item id="cachetimerange"><![CDATA[0,0]]></item>
				<item id="punctualupdate"><![CDATA[0]]></item>
				<item id="hidedisplay"><![CDATA[0]]></item>
				<item id="dateline"><![CDATA[1499606153]]></item>
				<item id="notinherited"><![CDATA[0]]></item>
				<item id="isblank"><![CDATA[0]]></item>
			</item>
			<item id="1148">
				<item id="bid"><![CDATA[1148]]></item>
				<item id="blockclass"><![CDATA[forum_forum]]></item>
				<item id="blocktype"><![CDATA[0]]></item>
				<item id="name"><![CDATA[+9632+95]]></item>
				<item id="title"><![CDATA[<div class="blocktitle title"><span class="titletext" style="float:;margin-left:px;font-size:;color: !important;">版块推荐</span></div>]]></item>
				<item id="classname"><![CDATA[wgbkz]]></item>
				<item id="summary"><![CDATA[]]></item>
				<item id="uid"><![CDATA[1]]></item>
				<item id="username"><![CDATA[admin]]></item>
				<item id="styleid"><![CDATA[0]]></item>
				<item id="blockstyle">
					<item id="name"><![CDATA[]]></item>
					<item id="blockclass"><![CDATA[forum_forum]]></item>
					<item id="makethumb"><![CDATA[1]]></item>
					<item id="getpic"><![CDATA[0]]></item>
					<item id="getsummary"><![CDATA[0]]></item>
					<item id="settarget"><![CDATA[1]]></item>
					<item id="moreurl"><![CDATA[0]]></item>
					<item id="fields">
						<item id="0"><![CDATA[currentorder]]></item>
						<item id="1"><![CDATA[url]]></item>
						<item id="2"><![CDATA[title]]></item>
						<item id="3"><![CDATA[icon]]></item>
					</item>
					<item id="template">
						<item id="raw"><![CDATA[<div class="module cl xl xl1">

<ul>
[loop]
<li class="bk{currentorder}"><span class="sp1"><a href="{url}" title="{title}"{target}><img src="{icon}" width="{picwidth}" height="{picheight}" /></a></span>  <span class="sp2"> <a href="{url}" title="{title}"{target}>{title}</a></span></li>
[/loop]
</ul>
</div>]]></item>
						<item id="footer"><![CDATA[]]></item>
						<item id="header"><![CDATA[]]></item>
						<item id="indexplus"><![CDATA[
						]]></item>
						<item id="index"><![CDATA[
						]]></item>
						<item id="orderplus"><![CDATA[
						]]></item>
						<item id="order"><![CDATA[
						]]></item>
						<item id="loopplus"><![CDATA[
						]]></item>
						<item id="loop"><![CDATA[<li class="bk{currentorder}"><span class="sp1"><a href="{url}" title="{title}"{target}><img src="{icon}" width="{picwidth}" height="{picheight}" /></a></span>  <span class="sp2"> <a href="{url}" title="{title}"{target}>{title}</a></span></li>]]></item>
					</item>
					<item id="hash"><![CDATA[f4cea8f7]]></item>
				</item>
				<item id="picwidth"><![CDATA[24]]></item>
				<item id="picheight"><![CDATA[24]]></item>
				<item id="target"><![CDATA[blank]]></item>
				<item id="dateformat"><![CDATA[Y-m-d]]></item>
				<item id="dateuformat"><![CDATA[0]]></item>
				<item id="script"><![CDATA[forum]]></item>
				<item id="param">
					<item id="fids"><![CDATA[]]></item>
					<item id="fups">
						<item id="0"><![CDATA[0]]></item>
						<item id="1"><![CDATA[54]]></item>
						<item id="2"><![CDATA[36]]></item>
						<item id="3"><![CDATA[38]]></item>
						<item id="4"><![CDATA[40]]></item>
						<item id="5"><![CDATA[41]]></item>
						<item id="6"><![CDATA[42]]></item>
					</item>
					<item id="titlelength"><![CDATA[40]]></item>
					<item id="summarylength"><![CDATA[80]]></item>
					<item id="orderby"><![CDATA[displayorder]]></item>
					<item id="items"><![CDATA[6]]></item>
				</item>
				<item id="shownum"><![CDATA[6]]></item>
				<item id="cachetime"><![CDATA[3600]]></item>
				<item id="cachetimerange"><![CDATA[]]></item>
				<item id="punctualupdate"><![CDATA[0]]></item>
				<item id="hidedisplay"><![CDATA[0]]></item>
				<item id="dateline"><![CDATA[1499606153]]></item>
				<item id="notinherited"><![CDATA[0]]></item>
				<item id="isblank"><![CDATA[0]]></item>
			</item>
			<item id="1149">
				<item id="bid"><![CDATA[1149]]></item>
				<item id="blockclass"><![CDATA[html_html]]></item>
				<item id="blocktype"><![CDATA[0]]></item>
				<item id="name"><![CDATA[360手机N5S发布会全程实录]]></item>
				<item id="title"><![CDATA[<div class="blocktitle title"><span class="titletext" style="float:;margin-left:px;font-size:;color: !important;">360手机N5S发布会全程实录</span></div>]]></item>
				<item id="classname"><![CDATA[spbf]]></item>
				<item id="summary"><![CDATA[<span id="flv_xOy"></span><script type="text/javascript" reload="1">$('flv_xOy').innerHTML=(mobileplayer() ? "<iframe height='200' width='286' src='http://player.youku.com/embed/XMjc4MzkyNDU2OA==.html' frameborder=0 allowfullscreen></iframe>" : AC_FL_RunContent('width', '286', 'height', '200', 'allowNetworking', 'internal', 'allowScriptAccess', 'never', 'src', 'http://player.youku.com/player.php/sid/XMjc4MzkyNDU2OA==.html/v.swf', 'quality', 'high', 'bgcolor', '#ffffff', 'wmode', 'transparent', 'allowfullscreen', 'true'));</script>]]></item>
				<item id="uid"><![CDATA[1]]></item>
				<item id="username"><![CDATA[admin]]></item>
				<item id="styleid"><![CDATA[0]]></item>
				<item id="blockstyle"><![CDATA[]]></item>
				<item id="picwidth"><![CDATA[0]]></item>
				<item id="picheight"><![CDATA[0]]></item>
				<item id="target"><![CDATA[blank]]></item>
				<item id="dateformat"><![CDATA[Y-m-d]]></item>
				<item id="dateuformat"><![CDATA[0]]></item>
				<item id="script"><![CDATA[vedio]]></item>
				<item id="param">
					<item id="url"><![CDATA[http://v.youku.com/v_show/id_XMjc4MzkyNDU2OA==.html]]></item>
					<item id="width"><![CDATA[286]]></item>
					<item id="height"><![CDATA[200]]></item>
					<item id="items"><![CDATA[10]]></item>
				</item>
				<item id="shownum"><![CDATA[10]]></item>
				<item id="cachetime"><![CDATA[0]]></item>
				<item id="cachetimerange"><![CDATA[0,0]]></item>
				<item id="punctualupdate"><![CDATA[0]]></item>
				<item id="hidedisplay"><![CDATA[0]]></item>
				<item id="dateline"><![CDATA[1499606153]]></item>
				<item id="notinherited"><![CDATA[0]]></item>
				<item id="isblank"><![CDATA[0]]></item>
			</item>
			<item id="1150">
				<item id="bid"><![CDATA[1150]]></item>
				<item id="blockclass"><![CDATA[forum_activity]]></item>
				<item id="blocktype"><![CDATA[0]]></item>
				<item id="name"><![CDATA[9+84322265]]></item>
				<item id="title"><![CDATA[<div class="blocktitle title"><span class="titletext" style="float:;margin-left:px;font-size:;color: !important;">最新活动</span></div>]]></item>
				<item id="classname"><![CDATA[zxhd]]></item>
				<item id="summary"><![CDATA[]]></item>
				<item id="uid"><![CDATA[1]]></item>
				<item id="username"><![CDATA[admin]]></item>
				<item id="styleid"><![CDATA[0]]></item>
				<item id="blockstyle">
					<item id="name"><![CDATA[]]></item>
					<item id="blockclass"><![CDATA[forum_activity]]></item>
					<item id="makethumb"><![CDATA[1]]></item>
					<item id="getpic"><![CDATA[1]]></item>
					<item id="getsummary"><![CDATA[0]]></item>
					<item id="settarget"><![CDATA[1]]></item>
					<item id="moreurl"><![CDATA[0]]></item>
					<item id="fields">
						<item id="0"><![CDATA[url]]></item>
						<item id="1"><![CDATA[pic]]></item>
						<item id="2"><![CDATA[title]]></item>
					</item>
					<item id="template">
						<item id="raw"><![CDATA[<div class="module cl xld">
[loop]
<dl class="cl">
	<dd><a href="{url}"{target}><img src="{pic}" width="{picwidth}" height="{picheight}" alt="{title}" /></a></dd>
	
</dl>
[/loop]
</div>]]></item>
						<item id="footer"><![CDATA[]]></item>
						<item id="header"><![CDATA[]]></item>
						<item id="indexplus"><![CDATA[
						]]></item>
						<item id="index"><![CDATA[
						]]></item>
						<item id="orderplus"><![CDATA[
						]]></item>
						<item id="order"><![CDATA[
						]]></item>
						<item id="loopplus"><![CDATA[
						]]></item>
						<item id="loop"><![CDATA[<dl class="cl">
	<dd><a href="{url}"{target}><img src="{pic}" width="{picwidth}" height="{picheight}" alt="{title}" /></a></dd>
	
</dl>]]></item>
					</item>
					<item id="hash"><![CDATA[6aed19a5]]></item>
				</item>
				<item id="picwidth"><![CDATA[286]]></item>
				<item id="picheight"><![CDATA[152]]></item>
				<item id="target"><![CDATA[blank]]></item>
				<item id="dateformat"><![CDATA[Y-m-d]]></item>
				<item id="dateuformat"><![CDATA[0]]></item>
				<item id="script"><![CDATA[activity]]></item>
				<item id="param">
					<item id="tids"><![CDATA[]]></item>
					<item id="uids"><![CDATA[]]></item>
					<item id="keyword"><![CDATA[]]></item>
					<item id="fids">
						<item id="0"><![CDATA[0]]></item>
					</item>
					<item id="viewmod"><![CDATA[0]]></item>
					<item id="recommend"><![CDATA[0]]></item>
					<item id="place"><![CDATA[]]></item>
					<item id="class"><![CDATA[]]></item>
					<item id="gender"><![CDATA[]]></item>
					<item id="orderby"><![CDATA[dateline]]></item>
					<item id="highlight"><![CDATA[0]]></item>
					<item id="titlelength"><![CDATA[40]]></item>
					<item id="summarylength"><![CDATA[80]]></item>
					<item id="startrow"><![CDATA[0]]></item>
					<item id="items"><![CDATA[1]]></item>
				</item>
				<item id="shownum"><![CDATA[1]]></item>
				<item id="cachetime"><![CDATA[3600]]></item>
				<item id="cachetimerange"><![CDATA[]]></item>
				<item id="punctualupdate"><![CDATA[0]]></item>
				<item id="hidedisplay"><![CDATA[0]]></item>
				<item id="dateline"><![CDATA[1499606152]]></item>
				<item id="notinherited"><![CDATA[0]]></item>
				<item id="isblank"><![CDATA[0]]></item>
			</item>
			<item id="1151">
				<item id="bid"><![CDATA[1151]]></item>
				<item id="blockclass"><![CDATA[forum_thread]]></item>
				<item id="blocktype"><![CDATA[0]]></item>
				<item id="name"><![CDATA[7942132132]]></item>
				<item id="title"><![CDATA[<div class="blocktitle title"><span class="titletext" style="float:;margin-left:px;font-size:;color: !important;">热门推荐</span></div>]]></item>
				<item id="classname"><![CDATA[rmtj]]></item>
				<item id="summary"><![CDATA[]]></item>
				<item id="uid"><![CDATA[1]]></item>
				<item id="username"><![CDATA[admin]]></item>
				<item id="styleid"><![CDATA[9]]></item>
				<item id="blockstyle"><![CDATA[]]></item>
				<item id="picwidth"><![CDATA[0]]></item>
				<item id="picheight"><![CDATA[0]]></item>
				<item id="target"><![CDATA[blank]]></item>
				<item id="dateformat"><![CDATA[Y-m-d]]></item>
				<item id="dateuformat"><![CDATA[0]]></item>
				<item id="script"><![CDATA[thread]]></item>
				<item id="param">
					<item id="tids"><![CDATA[]]></item>
					<item id="uids"><![CDATA[]]></item>
					<item id="keyword"><![CDATA[]]></item>
					<item id="tagkeyword"><![CDATA[]]></item>
					<item id="fids">
						<item id="0"><![CDATA[0]]></item>
						<item id="1"><![CDATA[54]]></item>
					</item>
					<item id="typeids"><![CDATA[]]></item>
					<item id="recommend"><![CDATA[0]]></item>
					<item id="viewmod"><![CDATA[0]]></item>
					<item id="rewardstatus"><![CDATA[0]]></item>
					<item id="picrequired"><![CDATA[0]]></item>
					<item id="orderby"><![CDATA[lastpost]]></item>
					<item id="postdateline"><![CDATA[0]]></item>
					<item id="lastpost"><![CDATA[0]]></item>
					<item id="highlight"><![CDATA[0]]></item>
					<item id="titlelength"><![CDATA[50]]></item>
					<item id="summarylength"><![CDATA[80]]></item>
					<item id="startrow"><![CDATA[0]]></item>
					<item id="items"><![CDATA[11]]></item>
				</item>
				<item id="shownum"><![CDATA[11]]></item>
				<item id="cachetime"><![CDATA[3600]]></item>
				<item id="cachetimerange"><![CDATA[]]></item>
				<item id="punctualupdate"><![CDATA[0]]></item>
				<item id="hidedisplay"><![CDATA[0]]></item>
				<item id="dateline"><![CDATA[1499606152]]></item>
				<item id="notinherited"><![CDATA[0]]></item>
				<item id="isblank"><![CDATA[0]]></item>
			</item>
			<item id="1152">
				<item id="bid"><![CDATA[1152]]></item>
				<item id="blockclass"><![CDATA[html_html]]></item>
				<item id="blocktype"><![CDATA[0]]></item>
				<item id="name"><![CDATA[94565213]]></item>
				<item id="title"><![CDATA[<div class="blocktitle title"><span class="titletext" style="float:;margin-left:px;font-size:;color: !important;">360社区客户端下载</span></div>]]></item>
				<item id="classname"><![CDATA[khxz]]></item>
				<item id="summary"><![CDATA[<img src="template/xinglan_s1/image/6.png" width="240" height="240" />]]></item>
				<item id="uid"><![CDATA[1]]></item>
				<item id="username"><![CDATA[admin]]></item>
				<item id="styleid"><![CDATA[0]]></item>
				<item id="blockstyle"><![CDATA[]]></item>
				<item id="picwidth"><![CDATA[0]]></item>
				<item id="picheight"><![CDATA[0]]></item>
				<item id="target"><![CDATA[blank]]></item>
				<item id="dateformat"><![CDATA[Y-m-d]]></item>
				<item id="dateuformat"><![CDATA[0]]></item>
				<item id="script"><![CDATA[banner]]></item>
				<item id="param">
					<item id="pic"><![CDATA[template/xinglan_s1/image/6.png]]></item>
					<item id="url"><![CDATA[]]></item>
					<item id="atarget"><![CDATA[_blank]]></item>
					<item id="width"><![CDATA[240]]></item>
					<item id="height"><![CDATA[240]]></item>
					<item id="text"><![CDATA[]]></item>
					<item id="items"><![CDATA[10]]></item>
				</item>
				<item id="shownum"><![CDATA[10]]></item>
				<item id="cachetime"><![CDATA[0]]></item>
				<item id="cachetimerange"><![CDATA[0,0]]></item>
				<item id="punctualupdate"><![CDATA[0]]></item>
				<item id="hidedisplay"><![CDATA[0]]></item>
				<item id="dateline"><![CDATA[1499606152]]></item>
				<item id="notinherited"><![CDATA[0]]></item>
				<item id="isblank"><![CDATA[0]]></item>
			</item>
			<item id="1153">
				<item id="bid"><![CDATA[1153]]></item>
				<item id="blockclass"><![CDATA[member_member]]></item>
				<item id="blocktype"><![CDATA[0]]></item>
				<item id="name"><![CDATA[98526215]]></item>
				<item id="title"><![CDATA[<div class="blocktitle title"><span class="titletext" style="float:;margin-left:px;font-size:;color: !important;">明星用户</span></div>]]></item>
				<item id="classname"><![CDATA[mxyh]]></item>
				<item id="summary"><![CDATA[]]></item>
				<item id="uid"><![CDATA[1]]></item>
				<item id="username"><![CDATA[admin]]></item>
				<item id="styleid"><![CDATA[77]]></item>
				<item id="blockstyle"><![CDATA[]]></item>
				<item id="picwidth"><![CDATA[0]]></item>
				<item id="picheight"><![CDATA[0]]></item>
				<item id="target"><![CDATA[blank]]></item>
				<item id="dateformat"><![CDATA[Y-m-d]]></item>
				<item id="dateuformat"><![CDATA[0]]></item>
				<item id="script"><![CDATA[member]]></item>
				<item id="param">
					<item id="uids"><![CDATA[]]></item>
					<item id="special"><![CDATA[]]></item>
					<item id="gender"><![CDATA[]]></item>
					<item id="xbirthprovince"><![CDATA[]]></item>
					<item id="xresideprovince"><![CDATA[]]></item>
					<item id="avatarstatus"><![CDATA[0]]></item>
					<item id="orderby"><![CDATA[credits]]></item>
					<item id="extcredit"><![CDATA[1]]></item>
					<item id="lastpost"><![CDATA[]]></item>
					<item id="startrow"><![CDATA[0]]></item>
					<item id="items"><![CDATA[6]]></item>
				</item>
				<item id="shownum"><![CDATA[6]]></item>
				<item id="cachetime"><![CDATA[3600]]></item>
				<item id="cachetimerange"><![CDATA[]]></item>
				<item id="punctualupdate"><![CDATA[0]]></item>
				<item id="hidedisplay"><![CDATA[0]]></item>
				<item id="dateline"><![CDATA[1499606152]]></item>
				<item id="notinherited"><![CDATA[0]]></item>
				<item id="isblank"><![CDATA[0]]></item>
			</item>
			<item id="1154">
				<item id="bid"><![CDATA[1154]]></item>
				<item id="blockclass"><![CDATA[html_html]]></item>
				<item id="blocktype"><![CDATA[0]]></item>
				<item id="name"><![CDATA[9+46512]]></item>
				<item id="title"><![CDATA[<div class="blocktitle title"><span class="titletext" style="float:;margin-left:px;font-size:;color: !important;">360 OS版本 </span></div>]]></item>
				<item id="classname"><![CDATA[sllb]]></item>
				<item id="summary"><![CDATA[<div class="wdbb">
                <p class="update-row1">稳定版</p>
                <p class="update-row2">更新时间：2017年2月7日</p>
                <p class="update-row3">更新推荐：新增魔球功能，优化相机功耗占用，私密系统找回密码流程等

</p>
            </div>
            
            
            
            <div class="gcbb">
                <p class="update-row1">公测版</p>
                <p class="update-row2">更新时间：2017年1月23日</p>
                <p class="update-row3">更新推荐：蓝牙的待机功耗，锁屏防误触模式，财产系统的界面绘制等

</p>
            </div>



   
            <div class="stable-btns">
                <a href="#" target="_blank">下载ROM</a>
                <a href="#" style="background-color: 

#c9c9c9;margin-left: 20px;" target="_blank">刷机教程</a>
            </div>]]></item>
				<item id="uid"><![CDATA[1]]></item>
				<item id="username"><![CDATA[admin]]></item>
				<item id="styleid"><![CDATA[0]]></item>
				<item id="blockstyle"><![CDATA[]]></item>
				<item id="picwidth"><![CDATA[0]]></item>
				<item id="picheight"><![CDATA[0]]></item>
				<item id="target"><![CDATA[blank]]></item>
				<item id="dateformat"><![CDATA[Y-m-d]]></item>
				<item id="dateuformat"><![CDATA[0]]></item>
				<item id="script"><![CDATA[blank]]></item>
				<item id="param">
					<item id="content"><![CDATA[<div class=\"wdbb\">
                <p class=\"update-row1\">稳定版</p>
                <p class=\"update-row2\">更新时间：2017年2月7日</p>
                <p class=\"update-row3\">更新推荐：新增魔球功能，优化相机功耗占用，私密系统找回密码流程等

</p>
            </div>
            
            
            
            <div class=\"gcbb\">
                <p class=\"update-row1\">公测版</p>
                <p class=\"update-row2\">更新时间：2017年1月23日</p>
                <p class=\"update-row3\">更新推荐：蓝牙的待机功耗，锁屏防误触模式，财产系统的界面绘制等

</p>
            </div>



   
            <div class=\"stable-btns\">
                <a href=\"#\" target=\"_blank\">下载ROM</a>
                <a href=\"#\" style=\"background-color: 

#c9c9c9;margin-left: 20px;\" target=\"_blank\">刷机教程</a>
            </div>]]></item>
					<item id="items"><![CDATA[10]]></item>
				</item>
				<item id="shownum"><![CDATA[10]]></item>
				<item id="cachetime"><![CDATA[0]]></item>
				<item id="cachetimerange"><![CDATA[0,0]]></item>
				<item id="punctualupdate"><![CDATA[0]]></item>
				<item id="hidedisplay"><![CDATA[0]]></item>
				<item id="dateline"><![CDATA[1499606152]]></item>
				<item id="notinherited"><![CDATA[0]]></item>
				<item id="isblank"><![CDATA[0]]></item>
			</item>
		</item>
		<item id="style">
			<item id="9">
				<item id="styleid"><![CDATA[9]]></item>
				<item id="blockclass"><![CDATA[forum_thread]]></item>
				<item id="name"><![CDATA[[内置]帖子标题]]></item>
				<item id="template">
					<item id="raw"><![CDATA[<div class="module cl xl xl1">
<ul>
[loop]
<li><a href="{url}" title="{title}"{target}>{title}</a></li>
[/loop]
</ul>
</div>]]></item>
					<item id="footer"><![CDATA[]]></item>
					<item id="header"><![CDATA[]]></item>
					<item id="indexplus">
					</item>
					<item id="index">
					</item>
					<item id="orderplus">
					</item>
					<item id="order">
					</item>
					<item id="loopplus">
					</item>
					<item id="loop"><![CDATA[<li><a href="{url}" title="{title}"{target}>{title}</a></li>]]></item>
				</item>
				<item id="hash"><![CDATA[079cd140]]></item>
				<item id="getpic"><![CDATA[0]]></item>
				<item id="getsummary"><![CDATA[0]]></item>
				<item id="makethumb"><![CDATA[0]]></item>
				<item id="settarget"><![CDATA[1]]></item>
				<item id="fields">
					<item id="0"><![CDATA[url]]></item>
					<item id="1"><![CDATA[title]]></item>
				</item>
				<item id="moreurl"><![CDATA[0]]></item>
			</item>
			<item id="77">
				<item id="styleid"><![CDATA[77]]></item>
				<item id="blockclass"><![CDATA[member_member]]></item>
				<item id="name"><![CDATA[[内置]会员头像列表]]></item>
				<item id="template">
					<item id="raw"><![CDATA[<div class="module cl ml mls">
<ul>
[loop]
<li>
	<a href="{url}" c="1"{target}><img src="{avatar}" width="48" height="48" alt="{title}" /></a>
	<p><a href="{url}" title="{title}"{target}>{title}</a></p>
</li>
[/loop]
</ul>
</div>]]></item>
					<item id="footer"><![CDATA[]]></item>
					<item id="header"><![CDATA[]]></item>
					<item id="indexplus">
					</item>
					<item id="index">
					</item>
					<item id="orderplus">
					</item>
					<item id="order">
					</item>
					<item id="loopplus">
					</item>
					<item id="loop"><![CDATA[<li>
	<a href="{url}" c="1"{target}><img src="{avatar}" width="48" height="48" alt="{title}" /></a>
	<p><a href="{url}" title="{title}"{target}>{title}</a></p>
</li>]]></item>
				</item>
				<item id="hash"><![CDATA[2ef16e64]]></item>
				<item id="getpic"><![CDATA[0]]></item>
				<item id="getsummary"><![CDATA[0]]></item>
				<item id="makethumb"><![CDATA[0]]></item>
				<item id="settarget"><![CDATA[1]]></item>
				<item id="fields">
					<item id="0"><![CDATA[url]]></item>
					<item id="1"><![CDATA[avatar]]></item>
					<item id="2"><![CDATA[title]]></item>
				</item>
				<item id="moreurl"><![CDATA[0]]></item>
			</item>
		</item>
	</item>
</root>